"Ibraguimov, Akif" <akif.ibraguimov@ttu.edu>, 
"Drager, Lance" <lance.drager@ttu.edu>, 
"Perera, Neshadha" <neshadha.perera@ttu.edu>, 
"Gunatilake, Janitha" <janitha.gunatilake@ttu.edu>, 
"Roeger, Lih Ing" <lih-ing.roeger@ttu.edu>, 
"Abeysundara, Hemalika" <hemalika.abeysundara@ttu.edu>, 
"Higgins, Raegan" <raegan.higgins@ttu.edu>, 
"Smith, Philip" <PHILIP.SMITH@ttu.edu>, 
"srjjang@gmail.com" <srjjang@gmail.com>, 
"Barnard, Roger W" <roger.w.barnard@ttu.edu>, 
"De-Farias, Ismael" <ismael.de-farias@ttu.edu>, 
"Allen, Edward" <edward.allen@ttu.edu>, 
"Anderson, Ronald C" <ronald.c.anderson@ttu.edu>, 
"Martin, Clyde F" <clyde.f.martin@ttu.edu>, 
"Berg, Jordan" <jordan.berg@ttu.edu>, 
"Allen, Linda J" <linda.j.allen@ttu.edu>, 
"Ghosh, Bijoy" <bijoy.ghosh@ttu.edu>, 
"Aulisa, Eugenio" <eugenio.aulisa@ttu.edu>, 
"Idesman, Alexander" <alexander.idesman@ttu.edu>, 
"James, Darryl" <Darryl.James@ttu.edu>, 
"Howle, Victoria" <victoria.howle@ttu.edu>, 
"Kaya, Yasemen" <yasemen.kaya@ttu.edu>, 
"Iyer, Ram" <ram.iyer@ttu.edu>, 
"Khare, Rajesh" <rajesh.khare@ttu.edu>, 
"Vaughn, Mark" <mark.vaughn@ttu.edu>, 
"Long, Kevin" <kevin.long@ttu.edu>, 
"Mitra, Sunanda" <sunanda.mitra@ttu.edu>, 
"Wickramasinghe, Indika" <indika.wickramasinghe@ttu.edu>, 
"Wang, Alex" <alex.wang@ttu.edu>, 
"Gilliam, David" <dsgilliam1@suddenlink.net>, 
"Bloshanskaya, Lidia" <lidia.bloshanskaya@ttu.edu>, 
"Amao, Abiodun" <abiodun.amao@ttu.edu>, 
"Wiesner, Ted" <ted.wiesner@ttu.edu>, 
"Athukorala, Bhagya" <bhagya.athukorala@ttu.edu>, 
"Pearson, Dale" <dale.pearson@ttu.edu>, 
"Sarker, Md Rakibul" <md-rakibul.sarker@ttu.edu>, 
"Dissanayake, Chandani" <chandani.dissanayake@ttu.edu>, 
"Du, Yining" <yining.du@ttu.edu>, 
"Kieu, Thinh" <thinh.kieu@ttu.edu>, 
"Awal, Rafiqul" <rafiqul.awal@ttu.edu>, 
"Siddiqui, Shameem" <shameem.siddiqui@ttu.edu>, 
"Menouar, Habib" <habib.menouar@ttu.edu>, 
"Heinze, Lloyd" <LLOYD.HEINZE@ttu.edu>, 
"Rengasamy, Raghu" <raghu.rengasamy@ttu.edu>, 
"Ziaja, Malgorzata" <malgorzata.ziaja@ttu.edu>,
"Rush, Simon" <simon.rush@ttu.edu>,
"Toda, Magda" <magda.toda@ttu.edu>,
"Hoang, Luan" <luan.hoang@ttu.edu>,
"Manga, King David" <dacko.manga@ttu.edu>,
"Solynin, Alex" <alex.solynin@ttu.edu>,
kimberly.r.kennedy@ttu.edu,
brian.brennan@ttu.edu,
chris.hansen@ttu.edu,
masaki.ogura@ttu.edu,
indika.wijayasinghe@ttu.edu,
dave.hathcock@ttu.edu,
kasey.bray@ttu.edu,
josh.engwer@ttu.edu,
sulanie.perera@ttu.edu,
hansameenu.wijenayaka@ttu.edu,
"Rajamuni, Methma" <methma.rajamuni@ttu.edu>,
"Hoang, Quan" <quan.hoang@ttu.edu>,
"Rai, Shiva S" <shiva.s.rai@ttu.edu>,
"Celik, Emine" <emine.celik@ttu.edu>,
brad.armstrong@ttu.edu,
james.staff@ttu.edu,
kristin.yearkey@ttu.edu
